DT_VCTO	CODIGO_FORNEC	RAZAO_SOCIAL	VALOR_A_PAGAR	NUMERO_OBRIGACAO
14/05/2022	8	EMPRESA UNIDA MANSUR E FILHOS LTDA	171,73	172321 - 1E 
07/02/2022	85	BRADESCO CDC 4359074	1753,58	1 - 45 
07/03/2022	85	BRADESCO CDC 4359074	1777,43	1 - 46 
07/04/2022	85	BRADESCO CDC 4359074	1801,61	1 - 47 
07/05/2022	85	BRADESCO CDC 4359074	1826,11	1 - 48 
07/06/2022	85	BRADESCO CDC 4359074	1850,94	1 - 49 
07/07/2022	85	BRADESCO CDC 4359074	1876,11	1 - 50 
27/06/2022	345	BANCO VOLKSWAGEM SA	3469,27	1 - 37 
27/07/2022	345	BANCO VOLKSWAGEM SA	3469,27	1 - 38 
30/07/2022	236	INSS PARCLAMENTO	815,84	1 - 37 
27/06/2022	421	CAMINHAO WOLKS 11.180	4356,42	1 - 29 
27/07/2022	421	CAMINHAO WOLKS 11.180	4356,42	1 - 30 
15/05/2022	532	BRADESCO CAPITAL DE GIRO 12646995	9398,86	1 - 24 
15/06/2022	532	BRADESCO CAPITAL DE GIRO 12646995	9398,86	1 - 25 
15/07/2022	532	BRADESCO CAPITAL DE GIRO 12646995	9398,86	1 - 26 
16/11/2020	235	SINDICATO TRAB IND CONSTRUCAO MOBILIARIO JUIZ DE FORA	4172,31	462231 - 1  
15/01/2021	235	SINDICATO TRAB IND CONSTRUCAO MOBILIARIO JUIZ DE FORA	820,49	84338 - 1  
15/01/2021	235	SINDICATO TRAB IND CONSTRUCAO MOBILIARIO JUIZ DE FORA	813,41	84342 - 01 
10/03/2021	272	SIND DOS TRAB TRANSP ROD JUIZ DE FORA	220,73	2006657 - 1  
20/02/2021	272	SIND DOS TRAB TRANSP ROD JUIZ DE FORA	79,59	20066584 - 1  
19/02/2021	235	SINDICATO TRAB IND CONSTRUCAO MOBILIARIO JUIZ DE FORA	881,14	84700 - 1  
01/12/2021	605	MARIA APARECIDA MANSUR	305000,0	1 - 1  
28/07/2022	493	SANTANDER GIRO UNIFICADO300000009010	11170,11	1 - 15 
10/05/2022	651	 CAIXA GIRO FACIL 28135	32527,18	1 - 13 
10/06/2022	651	 CAIXA GIRO FACIL 28135	32527,18	1 - 14 
10/07/2022	651	 CAIXA GIRO FACIL 28135	32527,18	1 - 15 
15/04/2022	86	BRADESCO FINAME - 6020870-0	3058,0	1 - 65 
15/05/2022	86	BRADESCO FINAME - 6020870-0	3058,0	1 - 66 
15/06/2022	86	BRADESCO FINAME - 6020870-0	3058,0	1 - 67 
15/07/2022	86	BRADESCO FINAME - 6020870-0	3058,0	1 - 68 
15/05/2022	262	 BRADESCO FINAME 6020862	13075,7	1 - 67 
15/06/2022	262	 BRADESCO FINAME 6020862	13075,7	1 - 68 
15/07/2022	262	 BRADESCO FINAME 6020862	13075,7	1 - 69 
17/05/2022	265	BRADESCO CDC  4507644	2305,09	1 - 61 
17/06/2022	265	BRADESCO CDC  4507644	2305,09	1 - 62 
17/07/2022	265	BRADESCO CDC  4507644	2305,09	1 - 63 
20/05/2021	272	SIND DOS TRAB TRANSP ROD JUIZ DE FORA	90,79	9078 - 1  
20/05/2021	272	SIND DOS TRAB TRANSP ROD JUIZ DE FORA	98,46	9846 - 1  
20/05/2021	272	SIND DOS TRAB TRANSP ROD JUIZ DE FORA	112,92	11292 - 1  
20/05/2021	272	SIND DOS TRAB TRANSP ROD JUIZ DE FORA	136,19	13619 - 1  
20/05/2021	272	SIND DOS TRAB TRANSP ROD JUIZ DE FORA	91,24	9124 - 1  
28/05/2021	235	SINDICATO TRAB IND CONSTRUCAO MOBILIARIO JUIZ DE FORA	930,1	85498 - 1  
28/05/2021	235	SINDICATO TRAB IND CONSTRUCAO MOBILIARIO JUIZ DE FORA	917,3	85499 - 1  
28/05/2021	235	SINDICATO TRAB IND CONSTRUCAO MOBILIARIO JUIZ DE FORA	936,98	85500 - 1  
26/04/2022	50	CLUBE DE PERMUTA JUIZ DE FORA -ME 	2052,08	13 - 13 
25/05/2022	50	CLUBE DE PERMUTA JUIZ DE FORA -ME 	2052,08	13 - 14 
10/06/2021	272	SIND DOS TRAB TRANSP ROD JUIZ DE FORA	88,64	3018817 - 1  
04/06/2021	272	SIND DOS TRAB TRANSP ROD JUIZ DE FORA	209,93	3018809 - 1  
10/06/2022	703	BRADESCO CONSORCIO 20010042	647,58	1 - 13 
10/07/2022	703	BRADESCO CONSORCIO 20010042	647,58	1 - 14 
30/07/2021	571	IRPJ S/ FATURAMENTO	56141,83	5614183 - 1  
01/10/2021	723	ALUGUEL FABRICA	5480,26	1 - 3  
01/03/2022	723	ALUGUEL FABRICA	10000,0	1 - 8  
01/04/2022	723	ALUGUEL FABRICA	10000,0	1 - 9  
01/05/2022	723	ALUGUEL FABRICA	10000,0	1 - 10 
01/06/2022	723	ALUGUEL FABRICA	10000,0	1 - 11 
01/07/2022	723	ALUGUEL FABRICA	10000,0	1 - 12 
04/07/2022	115	DEUSDETI ANTONIO EVANGELISTA GARCIA	3900,0	1 - 29 
29/04/2022	50	CLUBE DE PERMUTA JUIZ DE FORA -ME 	76,9	2 - 10 
29/05/2022	50	CLUBE DE PERMUTA JUIZ DE FORA -ME 	76,9	2 - 11 
28/06/2022	50	CLUBE DE PERMUTA JUIZ DE FORA -ME 	76,9	2 - 12 
28/07/2022	50	CLUBE DE PERMUTA JUIZ DE FORA -ME 	76,9	2 - 13 
20/12/2021	5	INSS	26551,96	2655196 - 1  
20/08/2021	5	INSS	47844,23	4784423 - 1  
05/05/2022	50	CLUBE DE PERMUTA JUIZ DE FORA -ME 	166,67	92563 - 10 
04/06/2022	50	CLUBE DE PERMUTA JUIZ DE FORA -ME 	166,67	92564 - 11 
04/07/2022	50	CLUBE DE PERMUTA JUIZ DE FORA -ME 	166,67	92565 - 12 
31/05/2022	731	PARCELAMENTO SIMPLES NACIONAL 2021	9341,16	141 - 8  
30/06/2022	731	PARCELAMENTO SIMPLES NACIONAL 2021	8732,5	141 - 9  
29/07/2022	731	PARCELAMENTO SIMPLES NACIONAL 2021	8732,5	141 - 10 
31/05/2022	730	PARCELAMENTO IMPOSTOS FEDERAIS 2021	16572,08	1549226 - 8  
30/06/2022	730	PARCELAMENTO IMPOSTOS FEDERAIS 2021	15492,26	1549226 - 9  
29/07/2022	730	PARCELAMENTO IMPOSTOS FEDERAIS 2021	15492,26	1549226 - 10 
25/08/2021	562	IPI FATURAMENTO	35064,2	5123 - 08 
25/08/2021	569	COFINS S/ FATURAMENTO	24516,68	2172 - 08 
25/08/2021	568	PIS S/ FATURAMENTO	5311,95	8109 - 08 
25/07/2021	568	PIS S/ FATURAMENTO	33740,89	3374089 - 1  
25/07/2021	569	COFINS S/ FATURAMENTO	155761,64	15576164 - 1  
25/07/2021	570	CSLL S/ FATURAMENTO	48512,77	4851277 - 1  
25/07/2021	571	IRPJ S/ FATURAMENTO	82343,15	8234315 - 1  
25/07/2021	562	IPI FATURAMENTO	171885,67	17188567 - 1  
20/07/2021	5	INSS	1656180,31	165618031 - 1  
20/09/2021	5	INSS	62157,44	6215744 - 1  
24/09/2021	569	COFINS S/ FATURAMENTO	23247,89	2324789 - 1  
24/09/2021	562	IPI FATURAMENTO	19979,3	1997930 - 1  
24/09/2021	568	PIS S/ FATURAMENTO	5037,05	503705 - 1  
30/10/2021	752	CONDOMINIO ROYALE CONDO HOTELS TRES RIOS	643,15	64315 - 2  
30/11/2021	752	CONDOMINIO ROYALE CONDO HOTELS TRES RIOS	643,15	64315 - 3  
30/12/2021	752	CONDOMINIO ROYALE CONDO HOTELS TRES RIOS	643,15	64315 - 4  
30/01/2022	752	CONDOMINIO ROYALE CONDO HOTELS TRES RIOS	643,15	64315 - 5  
20/10/2021	5	INSS	38517,55	3851755 - 1  
25/10/2021	569	COFINS S/ FATURAMENTO	27842,46	2784246 - 1  
25/10/2021	562	IPI FATURAMENTO	33670,3	3367030 - 1  
25/10/2021	568	PIS S/ FATURAMENTO	6032,53	603253 - 1  
29/10/2021	571	IRPJ S/ FATURAMENTO	51403,96	5140396 - 1  
29/10/2021	570	CSLL S/ FATURAMENTO	30925,03	3092503 - 1  
25/11/2021	562	IPI FATURAMENTO	31079,34	3107934 - 1  
19/11/2021	5	INSS	44999,87	4499987 - 1  
25/11/2021	569	COFINS S/ FATURAMENTO	23352,82	2335282 - 1  
25/11/2021	568	PIS S/ FATURAMENTO	5059,78	505978 - 1  
22/12/2021	627	SCHETTINO NOVA LIMA SERVICOS DE MONTAGEM E PROJETOS DE MOVEIS	4601,86	5 - 02 
10/12/2021	200	DIRECTA NET LTDA	945,0	935 - 1E 
20/12/2021	760	ROCIO FOTOGRAFIA LTDA	2500,0	2172 - 1E 
15/04/2022	777	CAIXA GIRO FACIAL 264383734000028640	3877,72	1 - 5  
15/06/2022	777	CAIXA GIRO FACIAL 264383734000028640	3877,72	1 - 7  
15/07/2022	777	CAIXA GIRO FACIAL 264383734000028640	3877,72	1 - 8  
24/12/2021	562	IPI FATURAMENTO	18238,55	1823855 - 1  
20/12/2021	5	INSS	35625,7	3562570 - 1  
24/12/2021	569	COFINS S/ FATURAMENTO	26135,56	2613556 - 1  
24/12/2021	568	PIS S/ FATURAMENTO	5662,7	566270 - 1  
20/01/2022	5	INSS	36093,16	3609316 - 1  
14/02/2022	8	EMPRESA UNIDA MANSUR E FILHOS LTDA	254,33	167537 - 1E 
25/01/2022	562	IPI FATURAMENTO	60130,21	6013021 - 1  
10/01/2022	699	DIFAL	3141,53	314153 - 1  
10/01/2022	699	DIFAL	8288,47	828847 - 1  
14/01/2022	627	SCHETTINO NOVA LIMA SERVICOS DE MONTAGEM E PROJETOS DE MOVEIS	5791,76	197 - 02 
17/01/2022	200	DIRECTA NET LTDA	1225,0	953 - 1E 
28/04/2022	50	CLUBE DE PERMUTA JUIZ DE FORA -ME 	72,8	2 - 29 
28/05/2022	50	CLUBE DE PERMUTA JUIZ DE FORA -ME 	72,8	2 - 30 
27/06/2022	50	CLUBE DE PERMUTA JUIZ DE FORA -ME 	72,8	2 - 31 
27/07/2022	50	CLUBE DE PERMUTA JUIZ DE FORA -ME 	72,8	2 - 32 
30/04/2022	50	CLUBE DE PERMUTA JUIZ DE FORA -ME 	300,0	1 - 31 
30/05/2022	50	CLUBE DE PERMUTA JUIZ DE FORA -ME 	300,0	1 - 32 
29/06/2022	50	CLUBE DE PERMUTA JUIZ DE FORA -ME 	300,0	1 - 33 
29/07/2022	50	CLUBE DE PERMUTA JUIZ DE FORA -ME 	300,0	1 - 34 
21/04/2022	50	CLUBE DE PERMUTA JUIZ DE FORA -ME 	500,0	1 - 41 
21/05/2022	50	CLUBE DE PERMUTA JUIZ DE FORA -ME 	500,0	1 - 42 
20/06/2022	50	CLUBE DE PERMUTA JUIZ DE FORA -ME 	500,0	1 - 43 
20/07/2022	50	CLUBE DE PERMUTA JUIZ DE FORA -ME 	500,0	1 - 44 
24/04/2022	50	CLUBE DE PERMUTA JUIZ DE FORA -ME 	162,5	3 - 5  
24/05/2022	50	CLUBE DE PERMUTA JUIZ DE FORA -ME 	162,5	3 - 6  
23/06/2022	50	CLUBE DE PERMUTA JUIZ DE FORA -ME 	162,5	3 - 7  
23/07/2022	50	CLUBE DE PERMUTA JUIZ DE FORA -ME 	162,5	3 - 8  
20/03/2022	534	TRINTIN E SCHETTINO SERVICOS DE MONTAGEM 	1756,94	63 - 04 
20/04/2022	534	TRINTIN E SCHETTINO SERVICOS DE MONTAGEM 	5591,03	63 - 05 
20/05/2022	534	TRINTIN E SCHETTINO SERVICOS DE MONTAGEM 	5582,34	63 - 06 
24/07/2022	698	SCHETTINO JUIZ DE FORA SERVICOS DE MONTAGEM  E PROJETOS DE MOVEIS LTDA	11696,02	185941526 - 8  
20/01/2022	627	SCHETTINO NOVA LIMA SERVICOS DE MONTAGEM E PROJETOS DE MOVEIS	12943,23	7 - 01 
25/01/2022	569	COFINS S/ FATURAMENTO	28541,42	2854142 - 1  
25/01/2022	568	PIS S/ FATURAMENTO	6183,97	618397 - 1  
14/02/2022	8	EMPRESA UNIDA MANSUR E FILHOS LTDA	571,8	167985 - 1E 
14/02/2022	8	EMPRESA UNIDA MANSUR E FILHOS LTDA	140,21	167798 - 1E 
20/01/2022	760	ROCIO FOTOGRAFIA LTDA	2500,0	2187 - 1E 
31/01/2022	571	IRPJ S/ FATURAMENTO	54119,72	5411972 - 1  
31/01/2022	570	CSLL S/ FATURAMENTO	32286,74	3228674 - 1  
14/02/2022	8	EMPRESA UNIDA MANSUR E FILHOS LTDA	164,36	168160 - 1E 
14/02/2022	8	EMPRESA UNIDA MANSUR E FILHOS LTDA	325,24	168252 - 1E 
14/02/2022	8	EMPRESA UNIDA MANSUR E FILHOS LTDA	178,49	93506 - 1E 
14/02/2022	8	EMPRESA UNIDA MANSUR E FILHOS LTDA	250,85	168362 - 1E 
14/02/2022	8	EMPRESA UNIDA MANSUR E FILHOS LTDA	52,5	168325 - 1E 
14/02/2022	8	EMPRESA UNIDA MANSUR E FILHOS LTDA	309,79	168295 - 1E 
14/02/2022	8	EMPRESA UNIDA MANSUR E FILHOS LTDA	172,1	168361 - 1E 
14/02/2022	8	EMPRESA UNIDA MANSUR E FILHOS LTDA	415,27	93562 - 1E 
14/02/2022	8	EMPRESA UNIDA MANSUR E FILHOS LTDA	265,51	93564 - 1E 
14/02/2022	8	EMPRESA UNIDA MANSUR E FILHOS LTDA	397,85	93594 - 1E 
14/02/2022	8	EMPRESA UNIDA MANSUR E FILHOS LTDA	188,1	93593 - 1E 
27/04/2022	50	CLUBE DE PERMUTA JUIZ DE FORA -ME 	660,0	1 - 50 
27/05/2022	50	CLUBE DE PERMUTA JUIZ DE FORA -ME 	660,0	1 - 51 
26/06/2022	50	CLUBE DE PERMUTA JUIZ DE FORA -ME 	660,0	1 - 52 
10/02/2022	200	DIRECTA NET LTDA	1225,0	966 - 1E 
14/03/2022	8	EMPRESA UNIDA MANSUR E FILHOS LTDA	124,5	112227 - 1E 
14/02/2022	647	OTTAVIO SCHETTINO NETO - SOCIO 	12843,69	1284369 - 1  
18/02/2022	5	INSS	31982,82	12022 - 1  
14/02/2022	8	EMPRESA UNIDA MANSUR E FILHOS LTDA	411,37	168569 - 1E 
14/03/2022	8	EMPRESA UNIDA MANSUR E FILHOS LTDA	52,5	168716 - 1E 
15/02/2022	358	DIGITAL CONTABILIDADE LTDA	6972,0	12022 - 1  
14/02/2022	8	EMPRESA UNIDA MANSUR E FILHOS LTDA	258,14	168608 - 1E 
14/03/2022	8	EMPRESA UNIDA MANSUR E FILHOS LTDA	544,78	168714 - 1E 
18/07/2022	509	MADEIREIRA PALOWA LTDA	1146,19	116363 - 2E 
01/01/2022	627	SCHETTINO NOVA LIMA SERVICOS DE MONTAGEM E PROJETOS DE MOVEIS	966,54	184821526 - 1  
16/02/2022	627	SCHETTINO NOVA LIMA SERVICOS DE MONTAGEM E PROJETOS DE MOVEIS	289,96	184821526 - 2  
15/02/2022	627	SCHETTINO NOVA LIMA SERVICOS DE MONTAGEM E PROJETOS DE MOVEIS	604,76	184831526 - 2  
14/03/2022	627	SCHETTINO NOVA LIMA SERVICOS DE MONTAGEM E PROJETOS DE MOVEIS	604,76	184831526 - 3  
14/03/2022	8	EMPRESA UNIDA MANSUR E FILHOS LTDA	52,5	93692 - 1E 
14/03/2022	8	EMPRESA UNIDA MANSUR E FILHOS LTDA	288,19	93731 - 1E 
01/02/2022	627	SCHETTINO NOVA LIMA SERVICOS DE MONTAGEM E PROJETOS DE MOVEIS	1934,2	188511526 - 1  
01/03/2022	627	SCHETTINO NOVA LIMA SERVICOS DE MONTAGEM E PROJETOS DE MOVEIS	1208,87	188511526 - 2  
01/04/2022	627	SCHETTINO NOVA LIMA SERVICOS DE MONTAGEM E PROJETOS DE MOVEIS	1208,87	188511526 - 3  
14/03/2022	8	EMPRESA UNIDA MANSUR E FILHOS LTDA	265,85	93733 - 1E 
27/01/2022	627	SCHETTINO NOVA LIMA SERVICOS DE MONTAGEM E PROJETOS DE MOVEIS	10808,12	189511526 - 1  
27/04/2022	627	SCHETTINO NOVA LIMA SERVICOS DE MONTAGEM E PROJETOS DE MOVEIS	10808,12	189511526 - 2  
14/03/2022	8	EMPRESA UNIDA MANSUR E FILHOS LTDA	51,68	93730 - 1E 
15/03/2022	534	TRINTIN E SCHETTINO SERVICOS DE MONTAGEM 	3660,89	185911526 - 4  
15/04/2022	534	TRINTIN E SCHETTINO SERVICOS DE MONTAGEM 	3660,89	185911526 - 5  
15/05/2022	534	TRINTIN E SCHETTINO SERVICOS DE MONTAGEM 	3660,89	185911526 - 6  
14/02/2022	627	SCHETTINO NOVA LIMA SERVICOS DE MONTAGEM E PROJETOS DE MOVEIS	36768,52	161 - 2  
14/02/2022	647	OTTAVIO SCHETTINO NETO - SOCIO 	12000,0	12000 - 1  
07/03/2022	534	TRINTIN E SCHETTINO SERVICOS DE MONTAGEM 	3382,73	187561526 - 2  
05/10/2021	647	OTTAVIO SCHETTINO NETO - SOCIO 	13000,0	13000 - 1  
28/01/2022	647	OTTAVIO SCHETTINO NETO - SOCIO 	36000,0	75000 - 1  
28/01/2022	647	OTTAVIO SCHETTINO NETO - SOCIO 	20000,0	20000 - 2  
01/02/2022	647	OTTAVIO SCHETTINO NETO - SOCIO 	10000,0	10000 - 1  
14/03/2022	8	EMPRESA UNIDA MANSUR E FILHOS LTDA	375,33	93853 - 1E 
14/03/2022	8	EMPRESA UNIDA MANSUR E FILHOS LTDA	52,5	112449 - 1E 
23/02/2022	627	SCHETTINO NOVA LIMA SERVICOS DE MONTAGEM E PROJETOS DE MOVEIS	8298,63	216 - 02 
23/02/2022	627	SCHETTINO NOVA LIMA SERVICOS DE MONTAGEM E PROJETOS DE MOVEIS	739,18	217 - 02 
30/05/2022	803	PARCELAMENTO 6201789930073 -ICMS 01 2022	9614,81	935643 - 4  
30/06/2022	158	SIMPLES NACIONAL - PARCELAMENTO	810,94	44 - 5  
30/07/2022	158	SIMPLES NACIONAL - PARCELAMENTO	810,94	44 - 6  
25/02/2022	569	COFINS S/ FATURAMENTO	10350,75	1035075 - 1  
25/02/2022	568	PIS S/ FATURAMENTO	2242,66	224266 - 1  
25/02/2022	562	IPI FATURAMENTO	27105,82	2710582 - 1  
21/07/2022	666	SEGURO PESSOAL	28,31	1 - 18 
14/03/2022	8	EMPRESA UNIDA MANSUR E FILHOS LTDA	371,18	169298 - 1E 
28/02/2022	631	MONIQUE CRISTINA ZATTA DE OLIVEIRA	4154,0	152 - 1E 
14/03/2022	8	EMPRESA UNIDA MANSUR E FILHOS LTDA	396,92	169710 - 1E 
23/02/2022	534	TRINTIN E SCHETTINO SERVICOS DE MONTAGEM 	1383,97	192871526 - 1  
15/04/2022	534	TRINTIN E SCHETTINO SERVICOS DE MONTAGEM 	2271,95	192871526 - 2  
10/03/2022	200	DIRECTA NET LTDA	1225,0	995 - 1E 
25/03/2022	562	IPI FATURAMENTO	16555,0	16555 - 1  
14/04/2022	8	EMPRESA UNIDA MANSUR E FILHOS LTDA	75,79	170106 - 1E 
14/04/2022	8	EMPRESA UNIDA MANSUR E FILHOS LTDA	52,5	113390 - 1E 
14/04/2022	8	EMPRESA UNIDA MANSUR E FILHOS LTDA	52,5	113383 - 1E 
14/03/2022	627	SCHETTINO NOVA LIMA SERVICOS DE MONTAGEM E PROJETOS DE MOVEIS	4227,91	226 - 02 
18/03/2022	5	INSS	29634,54	2963454 - 1  
17/06/2022	71	DURATEX S.A.	31487,62	1 - 4  
17/07/2022	71	DURATEX S.A.	31487,62	1 - 5  
31/07/2022	698	SCHETTINO JUIZ DE FORA SERVICOS DE MONTAGEM  E PROJETOS DE MOVEIS LTDA	166,67	185251526 - 8  
17/07/2022	698	SCHETTINO JUIZ DE FORA SERVICOS DE MONTAGEM  E PROJETOS DE MOVEIS LTDA	480,96	188621526 - 7  
25/03/2022	568	PIS S/ FATURAMENTO	2868,55	286855 - 1  
25/03/2022	569	COFINS S/ FATURAMENTO	13239,28	1323928 - 1  
15/03/2022	358	DIGITAL CONTABILIDADE LTDA	5967,0	5967 - 1  
10/04/2022	200	DIRECTA NET LTDA	1225,0	1007 - 1E 
14/04/2022	8	EMPRESA UNIDA MANSUR E FILHOS LTDA	52,5	170784 - 1E 
11/01/2022	627	SCHETTINO NOVA LIMA SERVICOS DE MONTAGEM E PROJETOS DE MOVEIS	3097,51	193611526 - 1  
11/01/2022	627	SCHETTINO NOVA LIMA SERVICOS DE MONTAGEM E PROJETOS DE MOVEIS	516,25	193611526 - 2  
11/01/2022	627	SCHETTINO NOVA LIMA SERVICOS DE MONTAGEM E PROJETOS DE MOVEIS	516,25	193611526 - 3  
11/01/2022	627	SCHETTINO NOVA LIMA SERVICOS DE MONTAGEM E PROJETOS DE MOVEIS	516,25	193611526 - 4  
11/01/2022	627	SCHETTINO NOVA LIMA SERVICOS DE MONTAGEM E PROJETOS DE MOVEIS	516,25	193611526 - 5  
11/01/2022	627	SCHETTINO NOVA LIMA SERVICOS DE MONTAGEM E PROJETOS DE MOVEIS	516,25	193611526 - 6  
11/01/2022	627	SCHETTINO NOVA LIMA SERVICOS DE MONTAGEM E PROJETOS DE MOVEIS	516,25	193611526 - 7  
10/02/2022	627	SCHETTINO NOVA LIMA SERVICOS DE MONTAGEM E PROJETOS DE MOVEIS	2250,0	193601526 - 1  
12/03/2022	627	SCHETTINO NOVA LIMA SERVICOS DE MONTAGEM E PROJETOS DE MOVEIS	750,0	193601526 - 2  
11/04/2022	627	SCHETTINO NOVA LIMA SERVICOS DE MONTAGEM E PROJETOS DE MOVEIS	750,0	193601526 - 3  
11/05/2022	627	SCHETTINO NOVA LIMA SERVICOS DE MONTAGEM E PROJETOS DE MOVEIS	750,0	193601526 - 4  
10/06/2022	627	SCHETTINO NOVA LIMA SERVICOS DE MONTAGEM E PROJETOS DE MOVEIS	750,0	193601526 - 5  
10/07/2022	627	SCHETTINO NOVA LIMA SERVICOS DE MONTAGEM E PROJETOS DE MOVEIS	750,0	193601526 - 6  
23/12/2021	627	SCHETTINO NOVA LIMA SERVICOS DE MONTAGEM E PROJETOS DE MOVEIS	3165,81	193591526 - 1  
22/02/2022	627	SCHETTINO NOVA LIMA SERVICOS DE MONTAGEM E PROJETOS DE MOVEIS	2732,09	193591526 - 2  
22/03/2022	627	SCHETTINO NOVA LIMA SERVICOS DE MONTAGEM E PROJETOS DE MOVEIS	2732,09	193591526 - 3  
30/07/2022	698	SCHETTINO JUIZ DE FORA SERVICOS DE MONTAGEM  E PROJETOS DE MOVEIS LTDA	673,93	195181526 - 4  
14/04/2022	8	EMPRESA UNIDA MANSUR E FILHOS LTDA	105,44	170979 - 1E 
14/04/2022	8	EMPRESA UNIDA MANSUR E FILHOS LTDA	370,73	170978 - 1E 
14/04/2022	8	EMPRESA UNIDA MANSUR E FILHOS LTDA	52,5	171340 - 1E 
14/04/2022	8	EMPRESA UNIDA MANSUR E FILHOS LTDA	193,6	171421 - 1E 
14/04/2022	8	EMPRESA UNIDA MANSUR E FILHOS LTDA	291,86	171356 - 1E 
14/04/2022	8	EMPRESA UNIDA MANSUR E FILHOS LTDA	52,5	171269 - 1E 
14/04/2022	8	EMPRESA UNIDA MANSUR E FILHOS LTDA	71,37	171384 - 1E 
05/04/2022	814	SPE SAMBA ADMINISTRADORA E GESTAO DE H	2724,54	272454 - 1  
26/07/2022	18	REHAU INDUSTRIA LTDA	2570,04	217220 - 4E 
25/04/2022	562	IPI FATURAMENTO	20054,57	2005457 - 1  
14/04/2022	8	EMPRESA UNIDA MANSUR E FILHOS LTDA	390,42	171597 - 1E 
14/04/2022	8	EMPRESA UNIDA MANSUR E FILHOS LTDA	52,5	171485 - 1E 
14/04/2022	8	EMPRESA UNIDA MANSUR E FILHOS LTDA	474,76	171598 - 1E 
15/04/2022	235	SINDICATO TRAB IND CONSTRUCAO MOBILIARIO JUIZ DE FORA	936,98	93698 - 1  
15/04/2022	235	SINDICATO TRAB IND CONSTRUCAO MOBILIARIO JUIZ DE FORA	807,03	80703 - 1  
15/04/2022	235	SINDICATO TRAB IND CONSTRUCAO MOBILIARIO JUIZ DE FORA	778,39	77839 - 1  
15/04/2022	235	SINDICATO TRAB IND CONSTRUCAO MOBILIARIO JUIZ DE FORA	693,75	69375 - 1  
20/04/2022	272	SIND DOS TRAB TRANSP ROD JUIZ DE FORA	96,53	9653 - 1  
20/04/2022	272	SIND DOS TRAB TRANSP ROD JUIZ DE FORA	84,69	8469 - 1  
20/04/2022	272	SIND DOS TRAB TRANSP ROD JUIZ DE FORA	84,69	8469 - 2  
20/04/2022	272	SIND DOS TRAB TRANSP ROD JUIZ DE FORA	88,92	8892 - 1  
20/04/2022	5	INSS	22349,58	2234958 - 1  
29/07/2022	18	REHAU INDUSTRIA LTDA	2369,32	218115 - 4E 
29/07/2022	298	AMG GROUP MADEIRAS MAQUINAS E FERRAGENS LTDA	3150,07	113335 - 4E 
04/07/2022	509	MADEIREIRA PALOWA LTDA	1582,18	112879 - 3E 
14/05/2022	8	EMPRESA UNIDA MANSUR E FILHOS LTDA	62,58	171681 - 1E 
14/05/2022	8	EMPRESA UNIDA MANSUR E FILHOS LTDA	460,02	171719 - 1E 
15/04/2022	358	DIGITAL CONTABILIDADE LTDA	5967,0	32022 - 1  
11/05/2022	284	SUDESTE CAMINHOES S/A.	214,6	15080 - 1E 
08/06/2022	284	SUDESTE CAMINHOES S/A.	214,6	15080 - 2E 
06/07/2022	284	SUDESTE CAMINHOES S/A.	214,6	15080 - 3E 
25/04/2022	569	COFINS S/ FATURAMENTO	13820,25	32022 - 1  
25/04/2022	568	PIS S/ FATURAMENTO	2994,39	32022 - 1  
02/05/2022	50	CLUBE DE PERMUTA JUIZ DE FORA -ME 	68,21	107655 - 1  
01/06/2022	50	CLUBE DE PERMUTA JUIZ DE FORA -ME 	68,21	107656 - 1  
31/07/2022	50	CLUBE DE PERMUTA JUIZ DE FORA -ME 	68,21	107658 - 1  
01/07/2022	50	CLUBE DE PERMUTA JUIZ DE FORA -ME 	68,21	107657 - 1  
19/04/2022	50	CLUBE DE PERMUTA JUIZ DE FORA -ME 	200,0	14042022 - 1  
14/05/2022	8	EMPRESA UNIDA MANSUR E FILHOS LTDA	52,5	171925 - 1E 
14/05/2022	8	EMPRESA UNIDA MANSUR E FILHOS LTDA	52,5	172054 - 1E 
14/06/2022	333	HELUZ IND E COMERCIO DE ILUMINACAO LTDA	467,85	1960 - 2E 
14/05/2022	8	EMPRESA UNIDA MANSUR E FILHOS LTDA	153,04	172286 - 1E 
11/05/2022	284	SUDESTE CAMINHOES S/A.	2297,55	81445 - 1E 
08/06/2022	284	SUDESTE CAMINHOES S/A.	2297,55	81445 - 2E 
06/07/2022	284	SUDESTE CAMINHOES S/A.	2297,55	81445 - 3E 
09/05/2022	284	SUDESTE CAMINHOES S/A.	1040,0	81349 - 1E 
06/06/2022	284	SUDESTE CAMINHOES S/A.	1040,0	81349 - 2E 
28/04/2022	627	SCHETTINO NOVA LIMA SERVICOS DE MONTAGEM E PROJETOS DE MOVEIS	6887,86	7 - 02 
18/07/2022	298	AMG GROUP MADEIRAS MAQUINAS E FERRAGENS LTDA	987,69	114794 - 3E 
19/07/2022	494	MADEIREIRA PALOWA LTDA	1042,24	236547 - 3E 
14/05/2022	8	EMPRESA UNIDA MANSUR E FILHOS LTDA	361,37	172413 - 1E 
14/05/2022	8	EMPRESA UNIDA MANSUR E FILHOS LTDA	52,5	172298 - 1E 
30/05/2022	817	PARCELAMENTO 6201874380023 - ICMS 03 2022	10624,5	1051931 - 1  
29/06/2022	817	PARCELAMENTO 6201874380023 - ICMS 03 2022	10519,31	1051931 - 2  
28/07/2022	817	PARCELAMENTO 6201874380023 - ICMS 03 2022	10519,31	1051931 - 3  
25/07/2022	298	AMG GROUP MADEIRAS MAQUINAS E FERRAGENS LTDA	1174,97	115283 - 3E 
14/05/2022	8	EMPRESA UNIDA MANSUR E FILHOS LTDA	324,55	172559 - 1E 
29/04/2022	570	CSLL S/ FATURAMENTO	19342,23	1934223 - 1  
29/04/2022	571	IRPJ S/ FATURAMENTO	30182,66	3018266 - 1  
19/06/2022	333	HELUZ IND E COMERCIO DE ILUMINACAO LTDA	358,59	1970 - 2E 
26/07/2022	494	MADEIREIRA PALOWA LTDA	565,06	237278 - 3E 
14/05/2022	8	EMPRESA UNIDA MANSUR E FILHOS LTDA	445,53	95034 - 1E 
10/05/2022	647	OTTAVIO SCHETTINO NETO - SOCIO 	3483,2	1 - 23 
10/06/2022	647	OTTAVIO SCHETTINO NETO - SOCIO 	3483,2	1 - 24 
10/07/2022	647	OTTAVIO SCHETTINO NETO - SOCIO 	3483,2	1 - 25 
09/06/2022	333	HELUZ IND E COMERCIO DE ILUMINACAO LTDA	266,61	2019 - 1E 
10/05/2022	200	DIRECTA NET LTDA	1225,0	1031 - 1E 
28/07/2022	494	MADEIREIRA PALOWA LTDA	5048,97	238062 - 3E 
28/07/2022	494	MADEIREIRA PALOWA LTDA	118,84	238078 - 3E 
10/05/2022	699	DIFAL	2434,79	42022 - 1  
15/05/2022	358	DIGITAL CONTABILIDADE LTDA	5967,0	42022 - 1  
10/05/2022	699	DIFAL	12181,13	42022 - 2  
04/07/2022	494	MADEIREIRA PALOWA LTDA	489,88	239037 - 2E 
20/05/2022	5	INSS	22973,98	42022 - 1  
25/05/2022	562	IPI FATURAMENTO	16828,78	42022 - 1  
26/05/2022	198	WIRUTEX DO BRASIL IMPORTACAO E EXPORTACAO LTDA	1215,84	70533 - 1E 
27/07/2022	49	ALTERNATIVA COMPONENTES LTDA	4199,0	169594 - 3E 
26/07/2022	18	REHAU INDUSTRIA LTDA	2295,94	222069 - 3E 
05/07/2022	494	MADEIREIRA PALOWA LTDA	1888,19	239041 - 2E 
05/07/2022	494	MADEIREIRA PALOWA LTDA	5245,11	239044 - 2E 
07/05/2022	50	CLUBE DE PERMUTA JUIZ DE FORA -ME 	101,0	109984 - 1  
07/05/2022	50	CLUBE DE PERMUTA JUIZ DE FORA -ME 	3379,14	109985 - 1  
09/05/2022	50	CLUBE DE PERMUTA JUIZ DE FORA -ME 	46,67	108173 - 2  
08/06/2022	50	CLUBE DE PERMUTA JUIZ DE FORA -ME 	46,67	108174 - 3  
08/07/2022	50	CLUBE DE PERMUTA JUIZ DE FORA -ME 	46,67	108175 - 4  
29/06/2022	827	PARCELAMENTO 6201908810084 - ICMS 04 2022	9435,08	943508 - 2  
28/07/2022	827	PARCELAMENTO 6201908810084 - ICMS 04 2022	9435,08	943508 - 3  
06/05/2022	534	TRINTIN E SCHETTINO SERVICOS DE MONTAGEM 	2937,76	200201526 - 1  
06/06/2022	534	TRINTIN E SCHETTINO SERVICOS DE MONTAGEM 	2937,21	200201526 - 2  
06/07/2022	534	TRINTIN E SCHETTINO SERVICOS DE MONTAGEM 	2937,21	200201526 - 3  
09/07/2022	333	HELUZ IND E COMERCIO DE ILUMINACAO LTDA	266,6	2019 - 2E 
15/07/2022	698	SCHETTINO JUIZ DE FORA SERVICOS DE MONTAGEM  E PROJETOS DE MOVEIS LTDA	10910,0	202121526 - 2  
18/07/2022	1	MARIANO E BERGAMINI MADEIRAS E FERRAGENS LTDA - EPP	1333,6	165813 - 5E 
15/07/2022	698	SCHETTINO JUIZ DE FORA SERVICOS DE MONTAGEM  E PROJETOS DE MOVEIS LTDA	2798,32	201261526 - 3  
25/05/2022	569	COFINS S/ FATURAMENTO	14535,64	42022 - 1  
25/05/2022	568	PIS S/ FATURAMENTO	3149,39	42022 - 1  
19/07/2022	1	MARIANO E BERGAMINI MADEIRAS E FERRAGENS LTDA - EPP	970,2	165888 - 5E 
19/07/2022	1	MARIANO E BERGAMINI MADEIRAS E FERRAGENS LTDA - EPP	1064,0	165926 - 5E 
19/07/2022	1	MARIANO E BERGAMINI MADEIRAS E FERRAGENS LTDA - EPP	877,0	165937 - 5E 
17/06/2022	8	EMPRESA UNIDA MANSUR E FILHOS LTDA	57,32	1466 - 1E 
18/05/2022	631	MONIQUE CRISTINA ZATTA DE OLIVEIRA	6903,0	166 - 1E 
25/07/2022	698	SCHETTINO JUIZ DE FORA SERVICOS DE MONTAGEM  E PROJETOS DE MOVEIS LTDA	293,42	203111526 - 3  
12/07/2022	620	SCHETTINO ITAIPAVA  SERVICOS DE MONTAGEM E PROJETOS DE MOVEIS LTDA	1800,0	202821526 - 3  
26/04/2022	627	SCHETTINO NOVA LIMA SERVICOS DE MONTAGEM E PROJETOS DE MOVEIS	22500,0	202051526 - 1  
12/07/2022	591	MADEGEM COM DE MADEIRAS LTDA.	2839,76	466835 - 2E 
15/07/2022	494	MADEIREIRA PALOWA LTDA	1245,2	240694 - 2E 
26/07/2022	1	MARIANO E BERGAMINI MADEIRAS E FERRAGENS LTDA - EPP	364,0	166435 - 5E 
18/07/2022	494	MADEIREIRA PALOWA LTDA	4609,99	241039 - 2E 
26/07/2022	1	MARIANO E BERGAMINI MADEIRAS E FERRAGENS LTDA - EPP	400,0	166465 - 5E 
17/06/2022	8	EMPRESA UNIDA MANSUR E FILHOS LTDA	57,32	1922 - 1E 
15/07/2022	621	INDUSTRIA DE FITAS DE BORDAS TEGUS LTDA.	3769,21	55041 - 3E 
26/07/2022	1	MARIANO E BERGAMINI MADEIRAS E FERRAGENS LTDA - EPP	2178,0	166464 - 5E 
11/07/2022	386	MESTRE MARCENEIRO COM LTDA	601,39	36658 - 2E 
17/06/2022	8	EMPRESA UNIDA MANSUR E FILHOS LTDA	57,32	2228 - 1E 
18/07/2022	494	MADEIREIRA PALOWA LTDA	5367,65	241087 - 2E 
18/07/2022	494	MADEIREIRA PALOWA LTDA	494,56	241040 - 2E 
18/07/2022	298	AMG GROUP MADEIRAS MAQUINAS E FERRAGENS LTDA	1337,52	117393 - 2E 
17/06/2022	8	EMPRESA UNIDA MANSUR E FILHOS LTDA	96,41	2612 - 1E 
19/07/2022	494	MADEIREIRA PALOWA LTDA	813,57	241840 - 2E 
17/06/2022	8	EMPRESA UNIDA MANSUR E FILHOS LTDA	133,98	2988 - 1E 
19/07/2022	298	AMG GROUP MADEIRAS MAQUINAS E FERRAGENS LTDA	2294,34	117629 - 2E 
17/06/2022	8	EMPRESA UNIDA MANSUR E FILHOS LTDA	267,13	2992 - 1E 
18/07/2022	197	ARAMADOS MASUTTI COPAT LTDA	135,8	97010 - 6E 
30/12/2021	627	SCHETTINO NOVA LIMA SERVICOS DE MONTAGEM E PROJETOS DE MOVEIS	1615,61	193621526 - 2  
04/05/2022	627	SCHETTINO NOVA LIMA SERVICOS DE MONTAGEM E PROJETOS DE MOVEIS	1068,79	193621526 - 3  
17/06/2022	8	EMPRESA UNIDA MANSUR E FILHOS LTDA	89,28	2512 - 1E 
25/07/2022	298	AMG GROUP MADEIRAS MAQUINAS E FERRAGENS LTDA	1815,04	117917 - 2E 
25/07/2022	298	AMG GROUP MADEIRAS MAQUINAS E FERRAGENS LTDA	466,09	117918 - 2E 
17/06/2022	8	EMPRESA UNIDA MANSUR E FILHOS LTDA	283,94	3402 - 1E 
13/07/2022	312	BLUM DO BRASIL IND E COM DE FERRAGENS LTDA	5424,76	210065 - 3E 
17/06/2022	8	EMPRESA UNIDA MANSUR E FILHOS LTDA	57,32	3659 - 1E 
25/07/2022	494	MADEIREIRA PALOWA LTDA	1067,42	242711 - 2E 
17/06/2022	8	EMPRESA UNIDA MANSUR E FILHOS LTDA	160,04	3577 - 1E 
02/06/2022	631	MONIQUE CRISTINA ZATTA DE OLIVEIRA	8749,0	172 - 1E 
20/07/2022	797	RAMUTH E RAMUTH LTDA.	3898,86	191502 - 2E 
19/07/2022	18	REHAU INDUSTRIA LTDA	2566,78	225698 - 2E 
26/07/2022	1	MARIANO E BERGAMINI MADEIRAS E FERRAGENS LTDA - EPP	3319,59	167471 - 4E 
13/07/2022	197	ARAMADOS MASUTTI COPAT LTDA	634,68	97057 - 5E 
20/07/2022	197	ARAMADOS MASUTTI COPAT LTDA	634,68	97057 - 6E 
10/06/2022	200	DIRECTA NET LTDA	1225,0	1048 - 1E 
25/07/2022	797	RAMUTH E RAMUTH LTDA.	684,01	191672 - 2E 
25/07/2022	797	RAMUTH E RAMUTH LTDA.	3411,53	191662 - 2E 
07/06/2022	4	FGTS	5590,68	52022 - 1  
20/07/2022	27	IRRF	21,51	520222 - 1  
18/07/2022	621	INDUSTRIA DE FITAS DE BORDAS TEGUS LTDA.	205,23	56240 - 2E 
18/07/2022	621	INDUSTRIA DE FITAS DE BORDAS TEGUS LTDA.	616,65	56239 - 2E 
18/07/2022	621	INDUSTRIA DE FITAS DE BORDAS TEGUS LTDA.	438,08	56237 - 2E 
18/07/2022	621	INDUSTRIA DE FITAS DE BORDAS TEGUS LTDA.	851,7	56235 - 2E 
15/06/2022	358	DIGITAL CONTABILIDADE LTDA	5967,0	52022 - 1  
13/06/2022	627	SCHETTINO NOVA LIMA SERVICOS DE MONTAGEM E PROJETOS DE MOVEIS	17513,53	221 - 02 
20/06/2022	5	INSS	26879,65	52022 - 1  
05/07/2022	31	GERALDO CEZAR TEIXEIRA FRANCA - ME	1515,0	1485 - 1E 
20/07/2022	31	GERALDO CEZAR TEIXEIRA FRANCA - ME	1515,0	1485 - 2E 
14/07/2022	8	EMPRESA UNIDA MANSUR E FILHOS LTDA	57,32	5338 - 1E 
15/07/2022	298	AMG GROUP MADEIRAS MAQUINAS E FERRAGENS LTDA	2078,15	120092 - 1E 
11/07/2022	386	MESTRE MARCENEIRO COM LTDA	6085,99	37448 - 1E 
05/06/2022	50	CLUBE DE PERMUTA JUIZ DE FORA -ME 	71,5	1123004 - 4  
05/06/2022	50	CLUBE DE PERMUTA JUIZ DE FORA -ME 	2492,05	25386 - 3  
08/07/2022	35	BIGFER INDUSTRIA E COMERCIO DE FERRAGENS LTDA	826,58	1912796 - 3E 
22/07/2022	198	WIRUTEX DO BRASIL IMPORTACAO E EXPORTACAO LTDA	598,04	71173 - 2E 
20/07/2022	27	IRRF	30,2	3020 - 1  
19/07/2022	82	MAFERCON MAQUINAS E FERRAMENTAS CONTESTADO LTDA	2684,37	12896 - 2E 
14/07/2022	621	INDUSTRIA DE FITAS DE BORDAS TEGUS LTDA.	142,34	56517 - 1E 
24/07/2022	621	INDUSTRIA DE FITAS DE BORDAS TEGUS LTDA.	142,34	56517 - 2E 
24/06/2022	569	COFINS S/ FATURAMENTO	14927,58	52022 - 1  
24/06/2022	568	PIS S/ FATURAMENTO	3234,3	52022 - 1  
12/07/2022	51	TRANSPORTADORA FERREIRA JUNIOR LTDA - EPP	338,67	94223 - 1E 
16/07/2022	445	WURTH DO BRASIL PECAS DE FIXACAO LTDA	885,87	181638 - 2E 
30/07/2022	445	WURTH DO BRASIL PECAS DE FIXACAO LTDA	885,86	181638 - 3E 
18/07/2022	621	INDUSTRIA DE FITAS DE BORDAS TEGUS LTDA.	132,33	56223 - 2E 
15/07/2022	835	MOBTECH CONSULTORIA TECNOLOGICA LTDA	1600,0	14 - 1E 
20/07/2022	416	NOTRE DAME INTERMEDICA MINAS FERAIS SAUDE S.A.	1687,34	7515156 - 1  
14/07/2022	193	RODOVIARIO CAMILO DOS SANTOS FILHO LTDA.	74,58	88763 - 1E 
12/07/2022	386	MESTRE MARCENEIRO COM LTDA	202,79	37449 - 1E 
15/07/2022	813	WW ALINHAMENTO E BALANCEAMENTO LTDA	926,5	7428 - 2E 
27/06/2022	631	MONIQUE CRISTINA ZATTA DE OLIVEIRA	7358,0	178 - 1E 
20/07/2022	27	IRRF	534,88	62022 - 1  
28/06/2022	145	FERNANDO TURISMO LTDA	2600,0	302022 - 1E 
19/07/2022	209	MULTA DE TRANSITO	195,23	70521605 - 1  
12/07/2022	16	FORMIACO COMERCIO LTDA	4758,34	25129 - 1E 
14/07/2022	8	EMPRESA UNIDA MANSUR E FILHOS LTDA	108,77	5989 - 1E 
14/07/2022	8	EMPRESA UNIDA MANSUR E FILHOS LTDA	120,41	7085 - 1E 
30/06/2022	200	DIRECTA NET LTDA	220,0	1050 - 1E 
30/06/2022	139	UNIMED JF COOP TRAB MED LTDA	1290,51	568247 - 1  
30/06/2022	139	UNIMED JF COOP TRAB MED LTDA	3636,86	596533 - 1  
18/07/2022	689	THALITA TEIXEIRA PINHEIRO	490,67	49067 - 1  
18/07/2022	689	THALITA TEIXEIRA PINHEIRO	530,45	53045 - 1  
19/07/2022	16	FORMIACO COMERCIO LTDA	1813,34	25176 - 1E 
18/07/2022	797	RAMUTH E RAMUTH LTDA.	754,59	192680 - 1E 
18/07/2022	312	BLUM DO BRASIL IND E COM DE FERRAGENS LTDA	3969,81	211170 - 1E 
14/07/2022	193	RODOVIARIO CAMILO DOS SANTOS FILHO LTDA.	163,45	90922 - 1E 
18/07/2022	621	INDUSTRIA DE FITAS DE BORDAS TEGUS LTDA.	809,41	56812 - 1E 
25/07/2022	621	INDUSTRIA DE FITAS DE BORDAS TEGUS LTDA.	809,41	56812 - 2E 
21/07/2022	333	HELUZ IND E COMERCIO DE ILUMINACAO LTDA	1791,46	2114 - 1E 
25/07/2022	298	AMG GROUP MADEIRAS MAQUINAS E FERRAGENS LTDA	1725,79	120952 - 1E 
20/07/2022	137	ALLEMAND E SOUZA LTDA	1200,0	2483 - 1E 
20/07/2022	16	FORMIACO COMERCIO LTDA	2223,34	25184 - 1E 
20/07/2022	386	MESTRE MARCENEIRO COM LTDA	468,0	37571 - 1E 
14/07/2022	8	EMPRESA UNIDA MANSUR E FILHOS LTDA	104,95	7102 - 1E 
25/07/2022	16	FORMIACO COMERCIO LTDA	410,0	25199 - 1E 
18/07/2022	621	INDUSTRIA DE FITAS DE BORDAS TEGUS LTDA.	900,61	56817 - 1E 
25/07/2022	621	INDUSTRIA DE FITAS DE BORDAS TEGUS LTDA.	900,61	56817 - 2E 
18/07/2022	621	INDUSTRIA DE FITAS DE BORDAS TEGUS LTDA.	82,09	56820 - 1E 
25/07/2022	621	INDUSTRIA DE FITAS DE BORDAS TEGUS LTDA.	82,09	56820 - 2E 
18/07/2022	621	INDUSTRIA DE FITAS DE BORDAS TEGUS LTDA.	1125,9	56810 - 1E 
25/07/2022	621	INDUSTRIA DE FITAS DE BORDAS TEGUS LTDA.	1125,9	56810 - 2E 
18/07/2022	621	INDUSTRIA DE FITAS DE BORDAS TEGUS LTDA.	860,19	56816 - 1E 
25/07/2022	621	INDUSTRIA DE FITAS DE BORDAS TEGUS LTDA.	860,19	56816 - 2E 
18/07/2022	621	INDUSTRIA DE FITAS DE BORDAS TEGUS LTDA.	256,97	56811 - 1E 
25/07/2022	621	INDUSTRIA DE FITAS DE BORDAS TEGUS LTDA.	256,97	56811 - 2E 
12/07/2022	387	SODEXO PASS DO BRASIL SERVICOS E COMERCIO S.A.	1575,0	714303 - 1E 
12/07/2022	387	SODEXO PASS DO BRASIL SERVICOS E COMERCIO S.A.	4845,0	714279 - 1E 
12/07/2022	466	SODEXO PASS DO BRASIL SERVICOS DE GESTAO DE DESPESAS E FROTA LTDA	1324,68	719099 - 1E 
25/07/2022	74	ALVES E REIS EQUIPAMENTOS DE SEGURANCA EIRELI - EPP	446,4	117007 - 1E 
25/07/2022	797	RAMUTH E RAMUTH LTDA.	10639,5	193066 - 1E 
25/07/2022	29	TECNOCORTE LTDA	1027,5	9275 - 1E 
13/07/2022	813	WW ALINHAMENTO E BALANCEAMENTO LTDA	150,0	7482 - 1E 
11/07/2022	29	TECNOCORTE LTDA	1223,7	1689 - 1E 
26/07/2022	220	A. MOREIRA COMERCIO DE ESTOPAS LTDA	255,0	4710 - 1E 
25/07/2022	634	CARTOSUL INDUSTRIA E COMERCIO DE PAPEIS LTDA. ME	2203,0	2710 - 1E 
10/07/2022	409	POWER PRINT INFORMATICA COMERCIO E SERVICOS LTDA	526,33	2256 - 1  
10/07/2022	200	DIRECTA NET LTDA	1225,0	1062 - 1E 
27/07/2022	386	MESTRE MARCENEIRO COM LTDA	384,54	37746 - 1E 
14/07/2022	8	EMPRESA UNIDA MANSUR E FILHOS LTDA	57,32	8211 - 1E 
18/07/2022	49	ALTERNATIVA COMPONENTES LTDA	2675,61	172021 - 1E 
15/07/2022	541	SIEG SOLUCOES INTELIGENTES LTDA-EPP	301,02	303562 - 1E 
15/07/2022	35	BIGFER INDUSTRIA E COMERCIO DE FERRAGENS LTDA	706,48	1921991 - 1E 
22/07/2022	35	BIGFER INDUSTRIA E COMERCIO DE FERRAGENS LTDA	706,46	1921991 - 2E 
29/07/2022	35	BIGFER INDUSTRIA E COMERCIO DE FERRAGENS LTDA	706,46	1921991 - 3E 
08/07/2022	25	ICMS	79471,07	62022 - 1  
11/07/2022	699	DIFAL	9152,92	62022 - 1  
10/07/2022	699	DIFAL	1682,49	62022 - 2  
25/07/2022	562	IPI FATURAMENTO	44366,06	62022 - 1  
10/06/2022	627	SCHETTINO NOVA LIMA SERVICOS DE MONTAGEM E PROJETOS DE MOVEIS	23006,14	206891526 - 2  
30/07/2022	698	SCHETTINO JUIZ DE FORA SERVICOS DE MONTAGEM  E PROJETOS DE MOVEIS LTDA	12750,0	208351526 - 2  
24/06/2022	698	SCHETTINO JUIZ DE FORA SERVICOS DE MONTAGEM  E PROJETOS DE MOVEIS LTDA	10500,0	208211526 - 1  
28/07/2022	698	SCHETTINO JUIZ DE FORA SERVICOS DE MONTAGEM  E PROJETOS DE MOVEIS LTDA	1155,56	204701526 - 2  
07/07/2022	4	FGTS	6740,74	62022 - 1  
14/07/2022	35	BIGFER INDUSTRIA E COMERCIO DE FERRAGENS LTDA	6552,38	1921851 - 1E 
21/07/2022	35	BIGFER INDUSTRIA E COMERCIO DE FERRAGENS LTDA	6552,37	1921851 - 2E 
28/07/2022	35	BIGFER INDUSTRIA E COMERCIO DE FERRAGENS LTDA	6552,37	1921851 - 3E 
10/07/2022	53	ANDRE DUARTE LUIZ ME 	1200,0	14876 - 1  
20/07/2022	5	INSS	32961,22	62022 - 1  
15/07/2022	1	MARIANO E BERGAMINI MADEIRAS E FERRAGENS LTDA - EPP	382,33	169851 - 2E 
29/07/2022	1	MARIANO E BERGAMINI MADEIRAS E FERRAGENS LTDA - EPP	382,33	169851 - 3E 
18/07/2022	1	MARIANO E BERGAMINI MADEIRAS E FERRAGENS LTDA - EPP	1370,0	170006 - 1E 
28/07/2022	621	INDUSTRIA DE FITAS DE BORDAS TEGUS LTDA.	1040,52	57408 - 1E 
28/07/2022	621	INDUSTRIA DE FITAS DE BORDAS TEGUS LTDA.	410,92	57398 - 1E 
28/07/2022	621	INDUSTRIA DE FITAS DE BORDAS TEGUS LTDA.	151,01	57400 - 1E 
28/07/2022	621	INDUSTRIA DE FITAS DE BORDAS TEGUS LTDA.	67,42	57399 - 1E 
28/07/2022	621	INDUSTRIA DE FITAS DE BORDAS TEGUS LTDA.	341,87	57403 - 1E 
28/07/2022	621	INDUSTRIA DE FITAS DE BORDAS TEGUS LTDA.	284,1	57406 - 1E 
28/07/2022	621	INDUSTRIA DE FITAS DE BORDAS TEGUS LTDA.	143,81	57404 - 1E 
29/07/2022	18	REHAU INDUSTRIA LTDA	4237,41	230241 - 1E 
22/07/2022	193	RODOVIARIO CAMILO DOS SANTOS FILHO LTDA.	419,93	106263 - 1E 
27/06/2022	20	FGVTN BRASIL LTDA	3567,26	238465 - 1E 
14/07/2022	51	TRANSPORTADORA FERREIRA JUNIOR LTDA - EPP	178,36	95018 - 1E 
29/07/2022	51	TRANSPORTADORA FERREIRA JUNIOR LTDA - EPP	380,43	95017 - 1E 
20/07/2022	1	MARIANO E BERGAMINI MADEIRAS E FERRAGENS LTDA - EPP	275,0	170077 - 1E 
19/07/2022	1	MARIANO E BERGAMINI MADEIRAS E FERRAGENS LTDA - EPP	2214,0	170110 - 1E 
21/07/2022	35	BIGFER INDUSTRIA E COMERCIO DE FERRAGENS LTDA	1926,37	1924778 - 1E 
28/07/2022	35	BIGFER INDUSTRIA E COMERCIO DE FERRAGENS LTDA	1926,36	1924778 - 2E 
15/07/2022	358	DIGITAL CONTABILIDADE LTDA	5967,0	62022 - 1  
14/07/2022	6	CEMIG DISTRIBUICAO S.A.	11834,21	81828508 - 1  
15/07/2022	210	CAMARA DIRIGENTES LOGISTAS DE JUIZ DE FORA	195,0	93905 - 1E 
14/07/2022	840	ROBSON HENRIQUE PEREIRA	457,3	45730 - 1  
30/07/2022	226	ATACADAO PAPELEX LTDA	784,43	2313552 - 1E 
26/07/2022	748	LOCALIZA RENT A CAR S/A	124,95	5837109 - 1  
26/07/2022	748	LOCALIZA RENT A CAR S/A	124,95	5837108 - 1  
20/07/2022	567	HORA EXTRA 	2022,33	202233 - 1  
20/07/2022	841	IGOR DE OLIVEIRA FERREIRA                                             	48650,0	4074 - 1  
14/07/2022	160	MEDICINA E ENGENHARIA EMPRESARIAL LTDA	99,9	22015 - 1E 
27/06/2022	698	SCHETTINO JUIZ DE FORA SERVICOS DE MONTAGEM  E PROJETOS DE MOVEIS LTDA	9453,0	208201526 - 1  
23/06/2022	698	SCHETTINO JUIZ DE FORA SERVICOS DE MONTAGEM  E PROJETOS DE MOVEIS LTDA	12169,81	208371526 - 1  
24/07/2022	698	SCHETTINO JUIZ DE FORA SERVICOS DE MONTAGEM  E PROJETOS DE MOVEIS LTDA	12169,81	208371526 - 2  
01/07/2022	698	SCHETTINO JUIZ DE FORA SERVICOS DE MONTAGEM  E PROJETOS DE MOVEIS LTDA	9645,0	208311526 - 1  
30/07/2022	698	SCHETTINO JUIZ DE FORA SERVICOS DE MONTAGEM  E PROJETOS DE MOVEIS LTDA	3739,5	207911526 - 3  
30/05/2022	698	SCHETTINO JUIZ DE FORA SERVICOS DE MONTAGEM  E PROJETOS DE MOVEIS LTDA	20607,39	205161526 - 1  
30/05/2022	698	SCHETTINO JUIZ DE FORA SERVICOS DE MONTAGEM  E PROJETOS DE MOVEIS LTDA	6869,13	205161526 - 2  
30/06/2022	698	SCHETTINO JUIZ DE FORA SERVICOS DE MONTAGEM  E PROJETOS DE MOVEIS LTDA	9534,35	205161526 - 3  
30/06/2022	698	SCHETTINO JUIZ DE FORA SERVICOS DE MONTAGEM  E PROJETOS DE MOVEIS LTDA	686,91	205161526 - 4  
30/07/2022	698	SCHETTINO JUIZ DE FORA SERVICOS DE MONTAGEM  E PROJETOS DE MOVEIS LTDA	686,91	205161526 - 5  
22/07/2022	631	MONIQUE CRISTINA ZATTA DE OLIVEIRA	9825,0	186 - 1E 
18/07/2022	386	MESTRE MARCENEIRO COM LTDA	2974,47	38050 - 1E 
11/07/2022	48	POSTO VISAO LTDA	350,0	6490 - 1E 
